"asset_id","label","image_file","prompt_file","source_image_sha256","public_image_sha256","source_prompt_sha256","package_prompt_sha256","visibility","selection_seed","pixel_change","prompt_change"
"A057","时装穿搭","images/A057-时装穿搭.png","prompts/A057-时装穿搭.txt","EC0C49557B1EBD79EB6766E14CB4D50D637AAF79D54E6E1B839FCC9E438C8DD7","EC0C49557B1EBD79EB6766E14CB4D50D637AAF79D54E6E1B839FCC9E438C8DD7","ECC851E645D2DDB7EE4C92A304F300EF24619A8F234B4D60166311C92728958B","893451688A60EBC0DC9B822BB2129A9406A6B4D88258D1CAE3163DE1B04FF3D1","public_candidate","20260728","no","source_and_sharing_notice_appended"
"A084","衬衫+短裤","images/A084-衬衫+短裤.png","prompts/A084-衬衫+短裤.txt","782E6DC48167FCA01DB9EB0ADDAD5B0C9859038E040490B659FA6223CBB1C298","782E6DC48167FCA01DB9EB0ADDAD5B0C9859038E040490B659FA6223CBB1C298","5029D53DDC929DA643AB8B6DAD40C5A3BCB94E62BFC68A7AD01F416B8FCBC7A6","4FCDE4EBF5F8D594B25F7A5B7BCCA7BD412DC3494EC7EFABA44C2131D4C8D638","public_candidate","20260728","no","source_and_sharing_notice_appended"
"A159","衬衫+短裤","images/A159-衬衫+短裤.png","prompts/A159-衬衫+短裤.txt","7658B7140091A2924C7D6311AC1DB46E26B1C163A0812F9585C5240E2DF62681","7658B7140091A2924C7D6311AC1DB46E26B1C163A0812F9585C5240E2DF62681","15C6369C4DE0DAC2F7BE956E3E8DE31DA37107B910C8DB896AEC719DE71DB7D8","E46DC93CC20B9A94A55BEC33B518761936B7FFB1296FD0EDD6640F44CBE3BBA7","public_candidate","20260728","no","source_and_sharing_notice_appended"
"A100","上衣+短裤","images/A100-上衣+短裤.png","prompts/A100-上衣+短裤.txt","AD61848027219C174FB916C45A91FC98498BF1136765CC3E3920EDDE5D66E0B0","AD61848027219C174FB916C45A91FC98498BF1136765CC3E3920EDDE5D66E0B0","7D1DE372C19C0166BD62194776316F2AE2581E79FC7BAC47B011FE8388F472E9","B9C353DFBB4AD2040A8C4DBC4922B90095193BED3485A44750198084BB4E2BE5","public_candidate","20260728","no","source_and_sharing_notice_appended"
"A136","上衣+短裙","images/A136-上衣+短裙.png","prompts/A136-上衣+短裙.txt","D75B60A2CF2199228FF80C41DEEE51337D38FCFAD633393F553DECADD8A8EEAC","D75B60A2CF2199228FF80C41DEEE51337D38FCFAD633393F553DECADD8A8EEAC","89A2FE68F48A0D124A03DF7C92F577F0F53C004D4C6F918EF520ED8D84BA0F42","E52AEEB50DE60FDA135CA91E0BBA1BBA01477AF8833101A417B036C0766580EE","public_candidate","20260728","no","source_and_sharing_notice_appended"
"A187","上衣+短裤","images/A187-上衣+短裤.png","prompts/A187-上衣+短裤.txt","56BE2D8B906EB6E24A1C6527E6C01D20D65681F230E1DB24A788DA9267123940","56BE2D8B906EB6E24A1C6527E6C01D20D65681F230E1DB24A788DA9267123940","F44AC0BB34F3B0AA14C4C8E03FDEFC1DDE0A2A0CE16D43C0246850C85FEA289D","398B569424AAB3B72AACC8964E052F338F6E93942F51AF85EC0F7C37F86677C4","public_candidate","20260728","no","source_and_sharing_notice_appended"
"A190","上衣+短裤","images/A190-上衣+短裤.png","prompts/A190-上衣+短裤.txt","6DFFE11B9898F53FD8B32690B6A74A30FB819CCB17287BFBECA2ACEC4A2E5F3E","6DFFE11B9898F53FD8B32690B6A74A30FB819CCB17287BFBECA2ACEC4A2E5F3E","E107F874DD9ABED0DCB28B4B246B2F8E419DA6D31272FAA1E4D1BAA5728B8E48","D4D3B05AB73824F5AE87D8BFFEF0E4C9A51613AACB317B8A6625C68FB8DB5BBB","public_candidate","20260728","no","source_and_sharing_notice_appended"
"A066","上衣+长裤","images/A066-上衣+长裤.png","prompts/A066-上衣+长裤.txt","CD64E4F93633822F42755C9AAC43FEDA9722C50D696B595F4BB245F3E5A5B35A","CD64E4F93633822F42755C9AAC43FEDA9722C50D696B595F4BB245F3E5A5B35A","1693B1B0C0512BA5593490A42451A91502DA1D99CE95F5441CC6C4891DDC41BA","2F110BB9C5098465C070D0207405BD75056E82148A074A7084AF053312886494","public_candidate","20260728","no","source_and_sharing_notice_appended"
"A092","上衣+长裤","images/A092-上衣+长裤.png","prompts/A092-上衣+长裤.txt","0FE6022F4C9C3B9D01EA26ACEA3D7A880C9BFA0691737D5A63B4E5282AA6A4C5","0FE6022F4C9C3B9D01EA26ACEA3D7A880C9BFA0691737D5A63B4E5282AA6A4C5","55384AC24672D0D4FF89A4E3B8F5EAA7B0FE046DCAF4428AF8BAE749E91CAB7E","164746F9F8093A76CF2414B08CE3A5E82016A3B105B0B357E4C9B72D2CA49436","public_candidate","20260728","no","source_and_sharing_notice_appended"
"A181","时装穿搭","images/A181-时装穿搭.png","prompts/A181-时装穿搭.txt","A162726F426C1A2D05A35909771DFE7DD851E8512A670EC8939817CB0551B5D0","A162726F426C1A2D05A35909771DFE7DD851E8512A670EC8939817CB0551B5D0","2A6B493484E04EE0C452C0F67EA6C61933B89EC4A8B90310BC940DBDC928339C","91625885CB698F0BEC432C258C6E3F4161127121825E5937FB7FBA1D29C6778B","public_candidate","20260728","no","source_and_sharing_notice_appended"
"A108","上衣+长裤","images/A108-上衣+长裤.png","prompts/A108-上衣+长裤.txt","509BFA56895ACB78ACDE5CA88DCF8EBAD7421C8F07160E6C9567D32A838F897C","509BFA56895ACB78ACDE5CA88DCF8EBAD7421C8F07160E6C9567D32A838F897C","16C4F8A22FF6976BC206EC6148ACB5FB81CCE17F79E05D65AB2CA293BA3148B3","62E6C71268AB953D4360E318AD07018A2FEB2A5B725EC6197FE8FC5A8FEBA11E","public_candidate","20260728","no","source_and_sharing_notice_appended"
"A059","时装穿搭","images/A059-时装穿搭.png","prompts/A059-时装穿搭.txt","43D4DABA4303260A836DE30A45FE665FCD909B2FD894A498A66F4EE2CC9291EB","43D4DABA4303260A836DE30A45FE665FCD909B2FD894A498A66F4EE2CC9291EB","760F0777E6A1389068EC8D09CAC5032DF7F43ACB6CAC7EE00388761F8ADABD89","D5C5B18E67208D0E55121DE529FFEE82D1B940B2F557F0C906B19300BF9304DE","public_candidate","20260728","no","source_and_sharing_notice_appended"
"A014","上衣+长裤","images/A014-上衣+长裤.png","prompts/A014-上衣+长裤.txt","021D0915D5107650B5BF732BCB2AEF6E5FE24AF999E74B2C4319A3BF4B9F2D35","021D0915D5107650B5BF732BCB2AEF6E5FE24AF999E74B2C4319A3BF4B9F2D35","54D6437DF781BD9CDF7C3890F7F877E1770656EC113F0A098A2AF85D27423DD2","DC5DECE41B3384443B52D970446A36F33EF2AF8FBB1AD230996CF9268812D93A","public_candidate","20260728","no","source_and_sharing_notice_appended"
"A142","上衣+长裤","images/A142-上衣+长裤.png","prompts/A142-上衣+长裤.txt","2F742C6EA11112214DEA272EF9A56F7DB1285728EB40135434D8FE3F3A1D111D","2F742C6EA11112214DEA272EF9A56F7DB1285728EB40135434D8FE3F3A1D111D","1D6178AA93AF18DA5528C48F29789ED0C6FE12323EFD22DFA10C2725D506CD21","BBF121B0EB4B9A41BA6F8754A18527C734A41E47E53B5D47460190BA8037B250","public_candidate","20260728","no","source_and_sharing_notice_appended"
"A180","上衣+长裤","images/A180-上衣+长裤.png","prompts/A180-上衣+长裤.txt","5AC8F3C43933B6308AB3BECE620DA55EF434F7D4C8D40CFE68B48D0A09A722E5","5AC8F3C43933B6308AB3BECE620DA55EF434F7D4C8D40CFE68B48D0A09A722E5","D43118267D1E17B401BC7B77976C81418854CD8A004E3E641C442FDCC207848D","127E50D6A371215F9CD845A972422CF3B35442CC227DBBEFB19EFBA99D4FD552","public_candidate","20260728","no","source_and_sharing_notice_appended"
"A075","上衣+长裤","images/A075-上衣+长裤.png","prompts/A075-上衣+长裤.txt","6CFD3261331B5514565DA3D8A3E932F6447546884681FFFE5DECE9F3C6C40C59","6CFD3261331B5514565DA3D8A3E932F6447546884681FFFE5DECE9F3C6C40C59","EEDC63635F261582D0185A93C0D0488F7CC4F9FD1EB28B007B064671D3ADF179","12DB4E47CE07DB7EBF972652AEABC015C9F83AD9C9E25C6C90FAFCDD40AACB92","public_candidate","20260728","no","source_and_sharing_notice_appended"
"A115","上衣+短裤","images/A115-上衣+短裤.png","prompts/A115-上衣+短裤.txt","EA5D96269692DC9AAAC28FA7A8BD8C0A1E48F3F82475F104E9319397C8599B2D","EA5D96269692DC9AAAC28FA7A8BD8C0A1E48F3F82475F104E9319397C8599B2D","6E7AE5F9792608659A54D5E01722BF2FC9B4FA09A3A7735BB3AC488FF141BB6A","0BC2FFEEF6C5DCCC960800BB6E2E749EAA9B55D05561F4031E36341B3AA555A1","public_candidate","20260728","no","source_and_sharing_notice_appended"
"A044","时装穿搭","images/A044-时装穿搭.png","prompts/A044-时装穿搭.txt","29BC1C8C10D0322C453A74883ADB4FD8213C10304944ED82DF4D4DC928FC7CCD","29BC1C8C10D0322C453A74883ADB4FD8213C10304944ED82DF4D4DC928FC7CCD","90175FB20EB59C883B94BB6103CF767E6B6B5D6D967C3599AEF2343FC79F2F53","25DC952471862359EB2EE7A0BA1890F952ED06355F9A04EDBCB89293C36B6445","public_candidate","20260728","no","source_and_sharing_notice_appended"
"A027","上衣+长裤","images/A027-上衣+长裤.png","prompts/A027-上衣+长裤.txt","B9229E8110518AC50ED55650191B5B378F39C5FFC41EF83236E8989194F6C73F","B9229E8110518AC50ED55650191B5B378F39C5FFC41EF83236E8989194F6C73F","FF7619644DBD2C061D1111091FD24EAD1EA688F40464FB96F3A76D0959F8FB97","D4CA2A5850E93D2E7C541AEA25EE0737E405118CED92AA5ACD4FF33363F459A3","public_candidate","20260728","no","source_and_sharing_notice_appended"
"A158","时装穿搭","images/A158-时装穿搭.png","prompts/A158-时装穿搭.txt","01FCA8120BBDAD0334FE1FBF45381B793010C0E7DBA2A6667C675E3C9DD92C1C","01FCA8120BBDAD0334FE1FBF45381B793010C0E7DBA2A6667C675E3C9DD92C1C","6FA7C24C2FA320B0725A2F383F350A7092BD1BB3308A3D23FC94A0C328FBCB8E","418DDFE3E30ABBE8B5CA7C5C7327D80838B983CE8F5CD1150D49346C3BBC10CF","public_candidate","20260728","no","source_and_sharing_notice_appended"
"A150","上衣+短裙","images/A150-上衣+短裙.png","prompts/A150-上衣+短裙.txt","771B9C54DBC835D82A43C4BA8BA9D8F17A4E29EB145300D6AB4D74D4E432DC4A","771B9C54DBC835D82A43C4BA8BA9D8F17A4E29EB145300D6AB4D74D4E432DC4A","C557B8AB884341DDA58804702E7DABA79D089F07C0871C3DFF475DA099413B92","7C605C35656F2B00CB20891A7B95E2C5938A146411FC6DDDA0407B3263F9A4C8","public_candidate","20260728","no","source_and_sharing_notice_appended"
"A003","连体短裤","images/A003-连体短裤.png","prompts/A003-连体短裤.txt","4449FE67AE27B8B9EF969FEA7EA71DCD3805618C1E308EE22EB0E4CB1CAF0598","4449FE67AE27B8B9EF969FEA7EA71DCD3805618C1E308EE22EB0E4CB1CAF0598","2745F32C4BB39F70A2A4242F81F37EF0F31DA8E7338900A9A1D161E727E56D41","1FC19CA90EEF30E8FB7D1EAEB3BAEAB9DEAA51B0695B652D010A95DD586318DD","public_candidate","20260728","no","source_and_sharing_notice_appended"
"A023","上衣+长裤","images/A023-上衣+长裤.png","prompts/A023-上衣+长裤.txt","CAAC1A8D37E12EE11C440D92F0BB34D2D8AA3B991660C5D76AD5582386239785","CAAC1A8D37E12EE11C440D92F0BB34D2D8AA3B991660C5D76AD5582386239785","B12BECB53E58269A1AC1D9AABB236CA06AEC2CCE142FE0E8D065CF94C852E86F","3C5D2DA5DF844E2C564FFBBC9E255BD8D40595988C3F3D53FC68A06F9D56B08C","public_candidate","20260728","no","source_and_sharing_notice_appended"
"A032","连衣裙","images/A032-连衣裙.png","prompts/A032-连衣裙.txt","9480D3C2F9A9F62F45D8866052F710BB6F8FA80953198945BEA4C20F1C66720D","9480D3C2F9A9F62F45D8866052F710BB6F8FA80953198945BEA4C20F1C66720D","61BC9D481C3BDA3B3D71A4E9F6D539B00A844FC1AD088F93B68C5F4AD2595AF6","98A51625229CA388A705F0C9082DE10B29171FD70BC8AFB7F624ADF5A690CD61","public_candidate","20260728","no","source_and_sharing_notice_appended"
"A197","上衣+短裤","images/A197-上衣+短裤.png","prompts/A197-上衣+短裤.txt","0892A1B51BBD860C391F7E707CF4682D30A62A27A2ED6502C6E5D5D2B7B29C14","0892A1B51BBD860C391F7E707CF4682D30A62A27A2ED6502C6E5D5D2B7B29C14","62F2A5F435AE49E82C7624359D737D6E51E6C76AE51F3DDB5D032CE9E6A4FB58","AC41282A2C651667D783055E0F8BF67B1F428D44E1156DFB678DD6EB80637BC0","public_candidate","20260728","no","source_and_sharing_notice_appended"
"A122","上衣+长裤","images/A122-上衣+长裤.png","prompts/A122-上衣+长裤.txt","6DB3F63E0E9CB475F558BED67510848DDF12133A61A043C512EBAE7C9FAEFF73","6DB3F63E0E9CB475F558BED67510848DDF12133A61A043C512EBAE7C9FAEFF73","86675EF459762DFD7455D6667E90B60F4B95DD705E86124F9AD3C724E2161EF1","F12908F7AACBFD1801B1EBED00AD46EB62BE070334AD83D2FF7A574497C8FD2D","public_candidate","20260728","no","source_and_sharing_notice_appended"
"A170","上衣+长裤","images/A170-上衣+长裤.png","prompts/A170-上衣+长裤.txt","22C51DC553F104A88A51AA9F9D190CE03842F2B28F8F8F210C46714245FF80C9","22C51DC553F104A88A51AA9F9D190CE03842F2B28F8F8F210C46714245FF80C9","14C3D9A693269152049382F274FF3E6B908625A504198514B60F64AB4CA07098","013EB1CE7303A89FF5DD5AC72CEAE80A320A580F9FC5A67729EFFC6CD565E487","public_candidate","20260728","no","source_and_sharing_notice_appended"
"A179","连衣裙","images/A179-连衣裙.png","prompts/A179-连衣裙.txt","6841CA6BC5994EE0E85B9B6B147619048637F7C53DBCD209FA0317578738F3F7","6841CA6BC5994EE0E85B9B6B147619048637F7C53DBCD209FA0317578738F3F7","713DAB5E7A96E4BCF8A7F01840C196E131CCB9BF86D1BB6A12EFA4C2D006C973","577F83C48AD949CB81639A3DE004CDA7905388C3B6B1F8A5D8633574905A1A93","public_candidate","20260728","no","source_and_sharing_notice_appended"
"A039","上衣+长裤","images/A039-上衣+长裤.png","prompts/A039-上衣+长裤.txt","094A06F38ED4A1C9810299A9EDDB1071DB7E7A63A6F8C07034E472D043483D5D","094A06F38ED4A1C9810299A9EDDB1071DB7E7A63A6F8C07034E472D043483D5D","1C8695D32949B030EF8439A97CE6A0F63AB5F8D4FFD70F2EEA0098DDF6009181","CB15B839D5C10B85031ED32A342215EBC76236E97F6B0295029BC42E12FFEBAD","public_candidate","20260728","no","source_and_sharing_notice_appended"
"A052","上衣+短裤","images/A052-上衣+短裤.png","prompts/A052-上衣+短裤.txt","493C955C478536319378AD2CDD889519AF8724AF1456EF28D3F57E8C1BDE67C1","493C955C478536319378AD2CDD889519AF8724AF1456EF28D3F57E8C1BDE67C1","A543B7E4EE227CCE69E0BE1BADC208B87C781357B6F6323B5044F8B65CB7B2E5","526314014F40FABBF67B7260117738865319165601CFB5AD5A49142595850526","public_candidate","20260728","no","source_and_sharing_notice_appended"
"A182","时装穿搭","images/A182-时装穿搭.png","prompts/A182-时装穿搭.txt","A4C30FD11D0E8BF992061E9FEC30DE5DE7207AD4CDA00D3D2BE2779CCB7C5E1F","A4C30FD11D0E8BF992061E9FEC30DE5DE7207AD4CDA00D3D2BE2779CCB7C5E1F","476BF02672F98166B922238757548B9F4BFA854B49610448D347FAB37D610D09","DA3A06DAA23D3674FD0108E0FF0033ABAB214ED7429F8246C65A647B29730AFF","public_candidate","20260728","no","source_and_sharing_notice_appended"
"A047","连体短裤","images/A047-连体短裤.png","prompts/A047-连体短裤.txt","3058FA7ED73127394E404FFCDD52244CACA2A166B4C1C4683E63247B3DC4616C","3058FA7ED73127394E404FFCDD52244CACA2A166B4C1C4683E63247B3DC4616C","4E92E26A0594B88CA26B6029DAC941271F52E7776DA38BD52B7955B731F10E49","7F2D928CF05C0B2F9A43DA2C3C1CDAFB041856ED1370DCDE4931F849A1B84E77","public_candidate","20260728","no","source_and_sharing_notice_appended"
"A056","上衣+长裤","images/A056-上衣+长裤.png","prompts/A056-上衣+长裤.txt","8ED463B5A27A7C1F18AB9E633DF8C7D4F5BB53E0339A8DBD27C37D529074BB0F","8ED463B5A27A7C1F18AB9E633DF8C7D4F5BB53E0339A8DBD27C37D529074BB0F","EFED7E80E3242B08680D8C3AED2BC106D94ADD9B2CF3EF51F82BBBE304C2A090","F2FD4DC049A79ABF8E7DC1C1BCD54ED424A5A26EDE14193667E43D3CB16365E5","public_candidate","20260728","no","source_and_sharing_notice_appended"
"A129","上衣+短裤","images/A129-上衣+短裤.png","prompts/A129-上衣+短裤.txt","D728B18D06BFA0B3A919F15570CEBEA6A2CA8D676B6AD06609665FAB97C9DEF8","D728B18D06BFA0B3A919F15570CEBEA6A2CA8D676B6AD06609665FAB97C9DEF8","22C8AF696E72C2F5D083FDA0CF39C02010FF594E73B468EA1B1EBBE7C1FB7348","844A9E7D1F2183185479BCF2DCFC763C6D3018635F7C74F0D619F31CA1AA7010","public_candidate","20260728","no","source_and_sharing_notice_appended"
"A189","上衣+长裤","images/A189-上衣+长裤.png","prompts/A189-上衣+长裤.txt","B66FB107DDC8A258EC7572F0623B945ADBA011796FC70BF3347EF795326935E3","B66FB107DDC8A258EC7572F0623B945ADBA011796FC70BF3347EF795326935E3","86590CB01C4C4AF22A1BC642D7FBF3C893A849D6A740C3BA00593A33BCB82DDA","16A7D6FE5472177063363FC18F0FA6FF9224BABD3A4BAA03F229C2ED38CFCF16","public_candidate","20260728","no","source_and_sharing_notice_appended"
"A067","上衣+长裤","images/A067-上衣+长裤.png","prompts/A067-上衣+长裤.txt","B859250D707CDC11BEEAD1EF0A6D7DE28ADE64E94AAD88498F22FB4F59AC27AD","B859250D707CDC11BEEAD1EF0A6D7DE28ADE64E94AAD88498F22FB4F59AC27AD","DC82EDCB7CD5C417E1673613989C6CEE1AF4F831A381D0A7183B881A6A6FFC30","3B4973A014970A97F053EC6FD8AD9BF02E84DC7EB2AC129344DF0F822DA0DCD0","public_candidate","20260728","no","source_and_sharing_notice_appended"
"A070","连衣裙","images/A070-连衣裙.png","prompts/A070-连衣裙.txt","595058FDC1E04731659115505F90F64186C89B3932CE21AF1966EBDF40C23DB1","595058FDC1E04731659115505F90F64186C89B3932CE21AF1966EBDF40C23DB1","B214139C8D1CE3B9760D0F86AEB515392D0259645F7F067D570D1B6808D1E0A2","BAF89A4DFC8F1D4C67ECA9B38A8F02302D987DD1E64B9E6C4E994AA0B1351B14","public_candidate","20260728","no","source_and_sharing_notice_appended"
"A168","上衣+长裤","images/A168-上衣+长裤.png","prompts/A168-上衣+长裤.txt","9E896BAD3450647C1F62391D0958520FD6A89691057BE1A5CBA3203F8AEE5524","9E896BAD3450647C1F62391D0958520FD6A89691057BE1A5CBA3203F8AEE5524","D31C8398F8BCA42615114A21DB5D525460314E46EC088A7E7627424E154FD516","EDD380D804695C0F80CD7683EBF3E91EF24C8DDD3758F4770557B6D3796D384F","public_candidate","20260728","no","source_and_sharing_notice_appended"
"A031","连体短裤","images/A031-连体短裤.png","prompts/A031-连体短裤.txt","439AD5B0C6829082BACCAC928E1F017EE4B204514A9E5C09E86E6928A658593A","439AD5B0C6829082BACCAC928E1F017EE4B204514A9E5C09E86E6928A658593A","EB44D0F7B90645BDD89B41DB2B822E1E5AE02D008A4782F66D3B8EB699A8269B","FEEC47D6DDA03F64FAD37EA08587659AAE6FCC0E437EB9344003A36EA68A5B07","public_candidate","20260728","no","source_and_sharing_notice_appended"
"A007","时装穿搭","images/A007-时装穿搭.png","prompts/A007-时装穿搭.txt","ECB9BE2A3722134FE9397DE0952C167BC95DEA49D3B3ABEA51D13B4E2276F424","ECB9BE2A3722134FE9397DE0952C167BC95DEA49D3B3ABEA51D13B4E2276F424","FEE3A1043D86388E39E3ECC024F65A8E9589AA983595799DC293FC3C3FCFD7D0","FBBBFC13E68BE4787AE8A41ACAF3584BFAFF6E64B8C753940E7DB6512732B07F","public_candidate","20260728","no","source_and_sharing_notice_appended"
"A141","连衣裙","images/A141-连衣裙.png","prompts/A141-连衣裙.txt","D438DC5D05D14A3C6EFEF99FCB4DE6622179FFC6E71AD29B16897ACDEFBAB9F5","D438DC5D05D14A3C6EFEF99FCB4DE6622179FFC6E71AD29B16897ACDEFBAB9F5","78986CC835024095DC67FAB2B84C60E1AA69949CF3BA39AF3E2ABB5D022FD045","E172EE387E117F548029369A7A93C322FE150D99518097C0EE7D2B6612A6AA29","public_candidate","20260728","no","source_and_sharing_notice_appended"
"A019","上衣+短裤","images/A019-上衣+短裤.png","prompts/A019-上衣+短裤.txt","A5890FF28948143693D85F72471F396543C22DCDB7D6C6020771F1A9440B53FB","A5890FF28948143693D85F72471F396543C22DCDB7D6C6020771F1A9440B53FB","BDC4A4B54983AC2F3F410B4A97F95CB7D56BEBDF2EDCC180E7CC88FE9D548531","DCA16FF53FC888AB1060B2CF49CE235ACF6D8E7B6410500EB9A13018222BC463","public_candidate","20260728","no","source_and_sharing_notice_appended"
"A018","连衣裙","images/A018-连衣裙.png","prompts/A018-连衣裙.txt","3FE9AF4697F1520057A1746E486B43E95B8E2013A1F8047F0278C5E441590B98","3FE9AF4697F1520057A1746E486B43E95B8E2013A1F8047F0278C5E441590B98","8CFC35E15D57191DCA1FA0BB5945F0823D0117CE697739EC2456793F70E1FBA3","A1BDA0B5006FFC3FC9F357F4611119C32E0C6FC3DF76137477F01A1D7B7079F9","public_candidate","20260728","no","source_and_sharing_notice_appended"
"A054","连衣裙","images/A054-连衣裙.png","prompts/A054-连衣裙.txt","38CF85C804DBB6CEDF5FCAF6BA1E56152A7F056BAC3DDBE3FF1895DC730E2BC0","38CF85C804DBB6CEDF5FCAF6BA1E56152A7F056BAC3DDBE3FF1895DC730E2BC0","E76F395530383653BDAE47384F737651FE5215A913DA5F628AB01BC0EBB62AD6","A2083C5F13B4BEBCF9A1EB55FCDFAFF88B9048E35599080DBB672D5932EB1AD8","public_candidate","20260728","no","source_and_sharing_notice_appended"
"A152","衬衫+短裤","images/A152-衬衫+短裤.png","prompts/A152-衬衫+短裤.txt","3D9ADF63E14FC3375121BA19BADB9A760CDFD8C509F5C5D24B8ACD4BC5D8152D","3D9ADF63E14FC3375121BA19BADB9A760CDFD8C509F5C5D24B8ACD4BC5D8152D","5A2F3674752C940FD76180FBD7EBCB540AE911866AC95D8D492703C82B8F8B23","C9BD1357D7D864B5DBF002A20E5FF7C04B7588B1BF9E7D35D06EBBD938783F2A","public_candidate","20260728","no","source_and_sharing_notice_appended"
"A021","上衣+长裤","images/A021-上衣+长裤.png","prompts/A021-上衣+长裤.txt","98D0ACB75389177C61894DC0B26AEB65D4036D29BFEFB280B104E1448502A48F","98D0ACB75389177C61894DC0B26AEB65D4036D29BFEFB280B104E1448502A48F","6CD1AF706DFDBF9AC29CF9C3143632876581DDD6124A67ABB0E59F97245F091D","6210F3FCCD2BF9C25EA5AFE91CEF6080A8C2C314003CE38878AE6F2D7DF705BF","public_candidate","20260728","no","source_and_sharing_notice_appended"
"A038","上衣+短裤","images/A038-上衣+短裤.png","prompts/A038-上衣+短裤.txt","A291E2B23F7D3C9CB978DB8644CE402C619A528B91D3F560F27594A2CFC60118","A291E2B23F7D3C9CB978DB8644CE402C619A528B91D3F560F27594A2CFC60118","917C55DF1536544BECC30988F7B5F8810C93EBB03B908312E10D3C573016E395","CA51655A2B1FAF1875FC75D19E9DD16CC9B6AD0C1AF465E75EB400B551C76050","public_candidate","20260728","no","source_and_sharing_notice_appended"
"A183","上衣+长裤","images/A183-上衣+长裤.png","prompts/A183-上衣+长裤.txt","A24F7B3059E5497C95D485206768769765B6DF6505752B26057ED87E035EB2F4","A24F7B3059E5497C95D485206768769765B6DF6505752B26057ED87E035EB2F4","7AE671C7F4D19F81943F39149A76E163B17E9BCEC891D5FBED90AE06F982C690","3E01206DBF7222A7E405B98FAB76998E5331F5C77A41445F5C91AE7438EB4069","public_candidate","20260728","no","source_and_sharing_notice_appended"
"A118","时装穿搭","images/A118-时装穿搭.png","prompts/A118-时装穿搭.txt","26100CD374F0C139D2829E86DF13E911D79B0A8CE4BD8CFD3155AB1FFF435FC7","26100CD374F0C139D2829E86DF13E911D79B0A8CE4BD8CFD3155AB1FFF435FC7","16C3DEF12E4C9B13424CF2F5F3FD49961308EA3BFFB856C272B880572242AD46","2A03438852B3C6E751795B64A0E978167AA6A8DBF7BE5873320AF827A5C44169","public_candidate","20260728","no","source_and_sharing_notice_appended"
"A130","上衣+短裤","images/A130-上衣+短裤.png","prompts/A130-上衣+短裤.txt","ACAA46118DE1D7A31233785BE26045E2E1061A53DE32ABDFE01A313C564AFF26","ACAA46118DE1D7A31233785BE26045E2E1061A53DE32ABDFE01A313C564AFF26","0DA38DFBE19DED6F211476CCF547614AD55A7EAC907BA4C201ADB300D9AB479D","13352FE3EA7B8B606CD6EDE73605898D6F18EE397A6C5F9654AEF72E76FE2818","public_candidate","20260728","no","source_and_sharing_notice_appended"
"A192","上衣+长裤","images/A192-上衣+长裤.png","prompts/A192-上衣+长裤.txt","9DF4351DB5E1570404E433C08C1CB1542ACA0A6F68060448574E0F0558186D57","9DF4351DB5E1570404E433C08C1CB1542ACA0A6F68060448574E0F0558186D57","73A2EBA58E96D9B88AB9347C82DE0B7064C26806B62D0FF0DFF09ECC8C54F8E6","315423EBCC0CA605EBB31DB18BB9EF637E4A8A3DC6768F3DF247F6BECAC5B321","public_candidate","20260728","no","source_and_sharing_notice_appended"
"A095","连衣裙","images/A095-连衣裙.png","prompts/A095-连衣裙.txt","322D90BD578459B17C3BD9F32A90D308ACDC7126CC2ADA98F6DD5F58BCD68301","322D90BD578459B17C3BD9F32A90D308ACDC7126CC2ADA98F6DD5F58BCD68301","10BCDF44A1F09159E1D9954609E792F8F68E08C93AFA9565BC2D161766D07FC9","A3CA9797FEC15476D1AE09E7B1D2DEC554AAC934E047B5B5505454D133005B40","public_candidate","20260728","no","source_and_sharing_notice_appended"
"A071","衬衫+下装","images/A071-衬衫+下装.png","prompts/A071-衬衫+下装.txt","6D21B2BE0AE88AED15798B52E4777040CBEDB178F8AFF3D81ABC1BD57021E610","6D21B2BE0AE88AED15798B52E4777040CBEDB178F8AFF3D81ABC1BD57021E610","62345464F18642070CD10C1A1418D6FB5945FABE827F782A7826E77B4E7ADBB8","4F3FEB2BE9EF3DB0BA120BB6062D8B9385B1C4941388C4022BDCD82A97C03B40","public_candidate","20260728","no","source_and_sharing_notice_appended"
"A009","连体短裤","images/A009-连体短裤.png","prompts/A009-连体短裤.txt","3395D7C38AEF05D6B873B9F6FFC36C030A9CF094325F13B13DF6348463F5481E","3395D7C38AEF05D6B873B9F6FFC36C030A9CF094325F13B13DF6348463F5481E","53A2FED2D00667AABC51A3C3847AC1161F8E7B619391C0C24441AA152845A823","C07F1322ABC5D27CC98AFF2A83D5A69629E068DC751322558FF1C29952135156","public_candidate","20260728","no","source_and_sharing_notice_appended"
"A109","上衣+长裤","images/A109-上衣+长裤.png","prompts/A109-上衣+长裤.txt","E84E9A4178CB59B322D3EDAB53135FDCCBF8A5450876306DDF1D5264A7B7940A","E84E9A4178CB59B322D3EDAB53135FDCCBF8A5450876306DDF1D5264A7B7940A","3A31D3030AF8B9C4365A33763BE9573BEA59642FAFF3F6697C73A42C195C3DAF","4B59A1A3B2B18ABB0B35067BC82F19D5514DE6938F1FC7FFF4CECAAA838025FA","public_candidate","20260728","no","source_and_sharing_notice_appended"
"A069","连衣裙","images/A069-连衣裙.png","prompts/A069-连衣裙.txt","4BA66519496E26228A58EA15DD9BBC4A9FFA2D25FEE6FE5E4AC0A26D4CC179FF","4BA66519496E26228A58EA15DD9BBC4A9FFA2D25FEE6FE5E4AC0A26D4CC179FF","5341EF2F382A869310378E9BFF6F7F8CD31F9D33CB6F22EF861F8498B255DA59","4D8C05E905715885BF9AED6B10136ACA3416FED1F2D3BCB405141E028F77DA37","public_candidate","20260728","no","source_and_sharing_notice_appended"
"A101","时装穿搭","images/A101-时装穿搭.png","prompts/A101-时装穿搭.txt","712726B11567BD1B268310F9FC972E76B5840F6846A9615878163C0D624645D5","712726B11567BD1B268310F9FC972E76B5840F6846A9615878163C0D624645D5","4F676824CE100FDAC9EAC7BEAEECFDEDCBEF26AC7E02086A06AD7E97BF2D1BF4","524F35FE3913525FFB35768336184596DC998BB7B234FC34DE8CA1E4E47FC3B3","public_candidate","20260728","no","source_and_sharing_notice_appended"
"A083","连体短裤","images/A083-连体短裤.png","prompts/A083-连体短裤.txt","E4B1C955C09A626AF75E4EAF6381EBD5DED3A87629A9B6ED5FFD886AD12E7EB9","E4B1C955C09A626AF75E4EAF6381EBD5DED3A87629A9B6ED5FFD886AD12E7EB9","7DDEFB432200EFF73D0FEB9EA8802D287C7C784739FD4CEAB4CC77072431F549","AC235EBFDD1C8D18784420F36CDC78E3B09806C3739616089D0C238B9BAB1F69","public_candidate","20260728","no","source_and_sharing_notice_appended"
"A111","上衣+长裤","images/A111-上衣+长裤.png","prompts/A111-上衣+长裤.txt","1D97FB8E64AB76CE58A5A1163A7996356D7A328EAF90A032E8B4B69AC410B023","1D97FB8E64AB76CE58A5A1163A7996356D7A328EAF90A032E8B4B69AC410B023","6A0EAFC3BC0AFA1F34486292430495A7479501CDF3F5E3F04235BE5124355C63","E34F12324A035AAC11FFBA7A283EA2D7165D99357AE7F386B0BFD7399DBE7DBE","public_candidate","20260728","no","source_and_sharing_notice_appended"
"A116","上衣+长裤","images/A116-上衣+长裤.png","prompts/A116-上衣+长裤.txt","D6F34979B3C8F3D4B82D6CCA2C8175845CC3A3A17664B23107269D3FC199CB06","D6F34979B3C8F3D4B82D6CCA2C8175845CC3A3A17664B23107269D3FC199CB06","348AFD422AC8DFBF7C6043EE77A24C9EEE96D2482CF990BC9F3B33E562928AD6","B21285A2F614E1C537C6C5E5E9B73A108C873368A05D7015DE153E81CE84E392","public_candidate","20260728","no","source_and_sharing_notice_appended"
"A043","衬衫+下装","images/A043-衬衫+下装.png","prompts/A043-衬衫+下装.txt","7D4C041C98B814C2B382E50CD02D2764CB91D4E756ABD64BB67CAE8F405B6BF3","7D4C041C98B814C2B382E50CD02D2764CB91D4E756ABD64BB67CAE8F405B6BF3","DC20D5EC40044B4225F62399AEF4E4D6CE56D4D17DACB9015AFD9C6453260C3B","4651BB41A91697BE6CF50FA1847DDFD4FD5DF5C5E2362949E462A651618196E0","public_candidate","20260728","no","source_and_sharing_notice_appended"
"A060","上衣+短裙","images/A060-上衣+短裙.png","prompts/A060-上衣+短裙.txt","0708607352A33BB411F950158C1A799F87AC951EBE132779165E5FFD844BBB63","0708607352A33BB411F950158C1A799F87AC951EBE132779165E5FFD844BBB63","97CC22E1275847F5F46E856F5067A15D8F8CAA93C5FF921E5D7F75935C1E6E27","B1E0DAD2B305AF127A28A74ECC516A0FEDD62C1FC484B75739A8B2FC16CCCDAE","public_candidate","20260728","no","source_and_sharing_notice_appended"
"A055","上衣+短裙","images/A055-上衣+短裙.png","prompts/A055-上衣+短裙.txt","BA56761E6117CD14AC3E85A8558FB27208078C234AA0A8DF634DEC3C64206B38","BA56761E6117CD14AC3E85A8558FB27208078C234AA0A8DF634DEC3C64206B38","E2D944C35D4EFBEE5E694C656958BA5A4C36F13550B94F396B9CD1AB815C1E1C","62F8FA093E1C22C12AE78A8F242C32338B8A654F1E85FEE56C8C5AE6B9D94946","public_candidate","20260728","no","source_and_sharing_notice_appended"
"A088","衬衫+下装","images/A088-衬衫+下装.png","prompts/A088-衬衫+下装.txt","C31FBC1ACB1297897E2B35204CB33E3F0FC3B469A732EC3B4E6F1102BCF04E83","C31FBC1ACB1297897E2B35204CB33E3F0FC3B469A732EC3B4E6F1102BCF04E83","203CC7EC0D3C48B1DE8E37492690A1B7777833B23A35B1D0E5C731FCEF34715B","3688F90536DA6D82821197BC63FC6DC6BF028B2D505F748336FDD300BAF43F35","public_candidate","20260728","no","source_and_sharing_notice_appended"
"A080","时装穿搭","images/A080-时装穿搭.png","prompts/A080-时装穿搭.txt","A81B9E11DC99902E52C2CFA9D06B0D5EF3E9AD9B7144AD667F4AECCA4708FEC2","A81B9E11DC99902E52C2CFA9D06B0D5EF3E9AD9B7144AD667F4AECCA4708FEC2","4ADD4BCD754D8C09C169DFC88302258E4B9DE4577315F73B354E1EBB7944DC4B","D07BD4C9EE395D756B02B0EB90E3CA4E1AC90A6035F9E0E719D44727E2E2C015","public_candidate","20260728","no","source_and_sharing_notice_appended"
"A073","衬衫+下装","images/A073-衬衫+下装.png","prompts/A073-衬衫+下装.txt","613F81D7D50A6FE886B59DB852D4344F27D822E597DE2806F72C31026F8ED887","613F81D7D50A6FE886B59DB852D4344F27D822E597DE2806F72C31026F8ED887","DCB6730C2D3463A774412F422034CEEB9520785037FB3B666522518784F2B85A","22D727423785311881117D4300E8F2BF9E916DF3917CCCE464A7D8BB108C27A7","public_candidate","20260728","no","source_and_sharing_notice_appended"
"A198","上衣+短裤","images/A198-上衣+短裤.png","prompts/A198-上衣+短裤.txt","1DF43FA0EBB20AAD5D6C76DE3D325293062C1229AC46DE3FB3825FE4954C8A16","1DF43FA0EBB20AAD5D6C76DE3D325293062C1229AC46DE3FB3825FE4954C8A16","AE1BF609F3814B49BE75266096DF19D0404EFAEE162FC49DE07C1D891B63F26F","2D00411D517BA6CE8D2C06B8436B7CED195D50D7F2F5890A42F380C412C468D3","public_candidate","20260728","no","source_and_sharing_notice_appended"
"A091","衬衫+短裤","images/A091-衬衫+短裤.png","prompts/A091-衬衫+短裤.txt","EB19CAAFA8C9D489D1C591B68008DA122EDDAF989B48A96160A242DFE8BB70CD","EB19CAAFA8C9D489D1C591B68008DA122EDDAF989B48A96160A242DFE8BB70CD","2CDB58F747E6B1E5883024697AAFDD60B37E73396AA21E8E3EC55E5E4246930D","4D129878410DB228B3476264B9E56BB89F2E0C9438326A94C223CB291F10CEF6","public_candidate","20260728","no","source_and_sharing_notice_appended"
"A090","衬衫+下装","images/A090-衬衫+下装.png","prompts/A090-衬衫+下装.txt","85FEB8D38F9481939275EE20FDD58AD8D18BFEA5E2CD778BFF06273320A479C5","85FEB8D38F9481939275EE20FDD58AD8D18BFEA5E2CD778BFF06273320A479C5","3AEE31B897B81AB6E4CABD2E3FEE3EC09CA274C85142350AB760899CE6005A0A","0FE720209FB9A301C27C5D99E2E939930282BA702E302DBFC749F907697A3DBF","public_candidate","20260728","no","source_and_sharing_notice_appended"
"A062","上衣+长裤","images/A062-上衣+长裤.png","prompts/A062-上衣+长裤.txt","F73508722A1DF1115DA6CE32C080B62FFB750BC61DC885AE3142536362DA34FC","F73508722A1DF1115DA6CE32C080B62FFB750BC61DC885AE3142536362DA34FC","66DD3C57EAB6128827D2D2DFC8C1C7A45AEE1FA587367699080F06E0D8FE32A0","CBDB3C544E90BC178647C37E1E81EB7ED6126D5773EF1630C88A46DED7046D7C","public_candidate","20260728","no","source_and_sharing_notice_appended"
"A010","连体短裤","images/A010-连体短裤.png","prompts/A010-连体短裤.txt","712D021DAB7D83FD7716363150ABF845A130560A17A38D610A6B9967815D12FC","712D021DAB7D83FD7716363150ABF845A130560A17A38D610A6B9967815D12FC","EB60AD05413F77340384D5296EA9DFBAB393DD3325B4D36687ED5A34C22523CD","10C83D9F964836DEDD54D8DACFAFFCCCC7305FF637ED9398C599687136C7D99B","public_candidate","20260728","no","source_and_sharing_notice_appended"
"A156","时装穿搭","images/A156-时装穿搭.png","prompts/A156-时装穿搭.txt","41A9BCFF678609E9A482E19C5EBB6ABA90745D70418A6E005CD6800F7AD84EDD","41A9BCFF678609E9A482E19C5EBB6ABA90745D70418A6E005CD6800F7AD84EDD","63018FCE7119B7F8A85A2B6672EF57003774AE9787FD23664C83D2B9DCA9CACE","9731E61EB7FA9FB0F31469DBE5622354CED3A62E1859291B44C9FBD6F85944F2","public_candidate","20260728","no","source_and_sharing_notice_appended"
"A124","时装穿搭","images/A124-时装穿搭.png","prompts/A124-时装穿搭.txt","9D9CA02B8CEA6A31F50BFE111DBFE4B61DA7254CE9F6A97C13A2F6E0910264CE","9D9CA02B8CEA6A31F50BFE111DBFE4B61DA7254CE9F6A97C13A2F6E0910264CE","DBDA92122AB16988F3C225AA323747EA53BC9896C3747349902EF5CC67784484","70B55A4A9D650DF9F598786E9B3B6C0FD8B07814420C3D6642A726099F91D3CB","public_candidate","20260728","no","source_and_sharing_notice_appended"
"A081","上衣+长裤","images/A081-上衣+长裤.png","prompts/A081-上衣+长裤.txt","9139B2D4F7A4989F29E88729D1087F93435F45BDC5973222DE6EFF6136FC9EDA","9139B2D4F7A4989F29E88729D1087F93435F45BDC5973222DE6EFF6136FC9EDA","3F9A66A1A459E9151EB0D95923500CF3A37AF485DE149B4A1D6DBF268F6F051D","E36A7210A468C3A367F017F444CCC12023FD27A8A91159084DECFBD564D4ADF0","public_candidate","20260728","no","source_and_sharing_notice_appended"
"A058","上衣+长裤","images/A058-上衣+长裤.png","prompts/A058-上衣+长裤.txt","D465FE96AB6B3892F458BEF86A71741CFFD7061A2816DB9678DB242A76B0342E","D465FE96AB6B3892F458BEF86A71741CFFD7061A2816DB9678DB242A76B0342E","71CC4D95CDAE0F099EB50966F2B608B2A81A5BF9DE687E604D6C51E40114F6DF","F7E670C9D96BA61C6067080F54A9D2A5D9F72EFA642DB6FCA475F8ADFD7C5208","public_candidate","20260728","no","source_and_sharing_notice_appended"
"A033","连体短裤","images/A033-连体短裤.png","prompts/A033-连体短裤.txt","F28455E3E90E670CE02B634D5A854FC61B3C9BD0E75D6260DC8E2B18A31185FE","F28455E3E90E670CE02B634D5A854FC61B3C9BD0E75D6260DC8E2B18A31185FE","E922E7C60829557F1742F24185F6D732222D95905A287AAD7ED66B04D00502E7","AF68D1C76CD971D612EE103AB305D9268D1840DC1DD1A673BFD202D7726BF485","public_candidate","20260728","no","source_and_sharing_notice_appended"
"A140","连体短裤","images/A140-连体短裤.png","prompts/A140-连体短裤.txt","9895A02938C4832F397DDE8A0145A70828665C820E7C5A23A3F80A8BD3BC82DF","9895A02938C4832F397DDE8A0145A70828665C820E7C5A23A3F80A8BD3BC82DF","A6A68F993D94CD70D6C483886B622D3D78FBDE5B0B7BC5C5FAD4733800B71A69","A461A8774398E1CF943F3FCD8BA25A3D58714203AA15459C6E9427A487B2A94A","public_candidate","20260728","no","source_and_sharing_notice_appended"
"A046","上衣+短裤","images/A046-上衣+短裤.png","prompts/A046-上衣+短裤.txt","DAC260A6C47DC54BC271FDB211D48AD2888FD6F6ACDB68D888C2828087D1E7C4","DAC260A6C47DC54BC271FDB211D48AD2888FD6F6ACDB68D888C2828087D1E7C4","1C949204D2B2F7753883E84701A3DE86303DF46FD1C1789C68F66F0FDC934299","E9FB40CE9FC04598447F77D9B239AB9C61A82487EDBE0837522B1E58FDC74B2A","public_candidate","20260728","no","source_and_sharing_notice_appended"
"A034","时装穿搭","images/A034-时装穿搭.png","prompts/A034-时装穿搭.txt","2F4DCC47E4A725198ED38A383DFC90BEA648CCA948A23FBAED3ABA100EF110C4","2F4DCC47E4A725198ED38A383DFC90BEA648CCA948A23FBAED3ABA100EF110C4","7A033E35AE2B55950ABB269BDE3F7F7DB42B1CEC38980D7D75740756726A91AF","A45D68E9102D833D7F91B8D8DF6A211C93373B2CB800E08923A7681E225B8A00","public_candidate","20260728","no","source_and_sharing_notice_appended"
"A028","上衣+短裤","images/A028-上衣+短裤.png","prompts/A028-上衣+短裤.txt","69883DE3EDE1785ACF1A1A869239921B52ACF032411FA69672E3E53F1498A720","69883DE3EDE1785ACF1A1A869239921B52ACF032411FA69672E3E53F1498A720","BE10DA7DDB33924BC0D330BE84C14D811BA1A8687C124541CB1024B017E5BF2F","8E56F19C45EA1146FF32AE4F066A598D8EABC686756EABA311C20BF9399EE6C3","public_candidate","20260728","no","source_and_sharing_notice_appended"
"A173","上衣+短裤","images/A173-上衣+短裤.png","prompts/A173-上衣+短裤.txt","D26A09958403D0DF3F805C6D27FBE37792D1BE1DA352B6C311C56B943077C973","D26A09958403D0DF3F805C6D27FBE37792D1BE1DA352B6C311C56B943077C973","709D79FC0686B8528A95B1D68A99F2F1F51F13AB11392EA01C0B51DD6205EFA0","122DF88FD30C13DFBDC00CDB3BB70BD9FD67A41808AA7BD20419F5930E744824","public_candidate","20260728","no","source_and_sharing_notice_appended"
"A041","上衣+长裤","images/A041-上衣+长裤.png","prompts/A041-上衣+长裤.txt","9B371AE22F299CA14C9F2F66FD458521DE008C0FEC5A3861EB2D1FC42A5976EC","9B371AE22F299CA14C9F2F66FD458521DE008C0FEC5A3861EB2D1FC42A5976EC","8A2957898F05AE2446119C34F2AA92C2A61FC01CF8FD10C5E901E6C02753D802","8E16304E74362CC5AC7013DAC0A6E80BC0E79DDB78FF5D6D90CD899B4AC0D285","public_candidate","20260728","no","source_and_sharing_notice_appended"
"A001","连体短裤","images/A001-连体短裤.png","prompts/A001-连体短裤.txt","DFBBF7F84B88918321998B4C4052DA6F8A5B6B3A10C7A1B131670AD6C76D293A","DFBBF7F84B88918321998B4C4052DA6F8A5B6B3A10C7A1B131670AD6C76D293A","0E5B694239B46EBCF5208027059776F58C5B989F209C34FC7C9F87A7A43CDD36","081F0603CF6D78588D3746FA89F7057538694588B146163D85FC56C47714A1F0","public_candidate","20260728","no","source_and_sharing_notice_appended"
"A082","上衣+长裤","images/A082-上衣+长裤.png","prompts/A082-上衣+长裤.txt","0B278D2A96573B98227DD05B0CBCA7C00DD5FEDE2EA2B92C6F2F86DE9B5F13A9","0B278D2A96573B98227DD05B0CBCA7C00DD5FEDE2EA2B92C6F2F86DE9B5F13A9","95B728AA2CEC6ACC8C48D15E3FEEDD80CB051FC94595F4492A9D9FE2C7266F6D","6144CA96B823D12E3D029D710E281C0E9D8357E5E480F6A1878861997ACAD71C","public_candidate","20260728","no","source_and_sharing_notice_appended"
"A147","时装穿搭","images/A147-时装穿搭.png","prompts/A147-时装穿搭.txt","00F81D9399BBB4D6D1B6114FA852F4D68F4A14617B4B1E4897A8D68AF3B39322","00F81D9399BBB4D6D1B6114FA852F4D68F4A14617B4B1E4897A8D68AF3B39322","05BCBF9E13F43FD895189F6301210276AD12762A427364A36AFE13350BDA3D4F","A78FD5D265DF4A37AA75C856D12DD802ECBC0287860658934477353146ED50AD","public_candidate","20260728","no","source_and_sharing_notice_appended"
"A048","上衣+长裤","images/A048-上衣+长裤.png","prompts/A048-上衣+长裤.txt","9EB1555F590948BDE110AF019F553C6A3997655E581324C48C8048320DF1782A","9EB1555F590948BDE110AF019F553C6A3997655E581324C48C8048320DF1782A","409E391C5A79FAA171C3403FEE1B4DEBF5C1CB86F26E36AD344EA1920C06C4FD","62125415372884CCD7F6CE5F15D0CDB8833EDCF7CB525C9392B4E015B166596C","public_candidate","20260728","no","source_and_sharing_notice_appended"
"A017","上衣+长裤","images/A017-上衣+长裤.png","prompts/A017-上衣+长裤.txt","4C21D5F745EA626E6030C6A9E093CEF8F772812640A721A3227ABEAD697EBD8E","4C21D5F745EA626E6030C6A9E093CEF8F772812640A721A3227ABEAD697EBD8E","08A860A1349800460A1376375BB83EDF346509C01E0F32B104418AE27AEA64AB","9E8B7CBF30BDB21E58B86DDA38A8548AF1C8098C2F4047D8FA473067E7E22164","public_candidate","20260728","no","source_and_sharing_notice_appended"
"A117","时装穿搭","images/A117-时装穿搭.png","prompts/A117-时装穿搭.txt","2DB3EF2C1D65EFC8E0338AE00AFFDBC43D262BE160070B63751F114A619397E2","2DB3EF2C1D65EFC8E0338AE00AFFDBC43D262BE160070B63751F114A619397E2","E32F1576C68A5E6DA7521A2B69C7544A687672E3C6CCB5E6A555D5A03A360969","AC9181C07F96DD16C10665C47BC5500287AA960D82AE82F78E835B98ECA5E114","public_candidate","20260728","no","source_and_sharing_notice_appended"
"A195","上衣+长裤","images/A195-上衣+长裤.png","prompts/A195-上衣+长裤.txt","5A2963A9A8BC5B8172077724BD52635828FAEA34D8DB6720116DA48447E375B3","5A2963A9A8BC5B8172077724BD52635828FAEA34D8DB6720116DA48447E375B3","92E75127E3C66284F2DA2988BDFF08100A86CC475966A7A14E75E6B7CAF94A61","709588760D20A4FD3ECA8234EF3BA45B8B1099781FAF19D990C51B957DBDD9D5","public_candidate","20260728","no","source_and_sharing_notice_appended"
"A127","上衣+短裤","images/A127-上衣+短裤.png","prompts/A127-上衣+短裤.txt","89A3F78C096174E077956C531CD90996D13545C86EDEA2EF5BC1571041288A21","89A3F78C096174E077956C531CD90996D13545C86EDEA2EF5BC1571041288A21","FFDBAF32ABD5B03EFB3A5699EFDAEB6D6AABA8D2C37B8A12E65CBAC6F2651227","CA3572C575B4A8CC6EC56D6E8F8ADFB5FD23CA75022FE4E13A589B15B503FB56","public_candidate","20260728","no","source_and_sharing_notice_appended"
"A177","上衣+长裤","images/A177-上衣+长裤.png","prompts/A177-上衣+长裤.txt","6F8B96B4DAFB1F8C43DB5061E4D422A268B6779451F20F65E6C1A7B5BDC0F326","6F8B96B4DAFB1F8C43DB5061E4D422A268B6779451F20F65E6C1A7B5BDC0F326","93B35349A95ADA37F37B95E616F11410F145D5FFCE353792F342CD54A9580DCC","73B7F785427FB8A8748A7BB2D706829DFABBCDB6C5FB985EDBF2830F68FCE9F3","public_candidate","20260728","no","source_and_sharing_notice_appended"
"A110","衬衫+下装","images/A110-衬衫+下装.png","prompts/A110-衬衫+下装.txt","2B7929A3CE10DC85D40A9C471946DFA60E935F5A86B58B66BA06B23A2B03F699","2B7929A3CE10DC85D40A9C471946DFA60E935F5A86B58B66BA06B23A2B03F699","D14B4870034EECF211709EA0B3FE60170E728089B78AEDA57D74DF3661BBFA22","0C267C93CF740F8DC59E8D518CB815BE11DE0741CDCC59FA41D29E7EBBAED5B8","public_candidate","20260728","no","source_and_sharing_notice_appended"
"A188","上衣+长裤","images/A188-上衣+长裤.png","prompts/A188-上衣+长裤.txt","0AF07421ADCFB00DB83F130FA2591ED802905AFAB001DC675C56AB5FA1FE5F9C","0AF07421ADCFB00DB83F130FA2591ED802905AFAB001DC675C56AB5FA1FE5F9C","3FDE3210514883B5EFBC83D2ACFF4C3870A9F819B9A620ABB690738E48079671","A49FFE38E650DAE592461ADF75BFBB0A82563E1B235CC28F6C4A64CC0994BA8A","public_candidate","20260728","no","source_and_sharing_notice_appended"
"A164","上衣+长裤","images/A164-上衣+长裤.png","prompts/A164-上衣+长裤.txt","980B08A56537FBEDA1BF359338F7CBC86AFAF650A5A9C2A9F8950EF841E277C2","980B08A56537FBEDA1BF359338F7CBC86AFAF650A5A9C2A9F8950EF841E277C2","8182DC87B93BE458BCC3D9A304BB69EA254942C7E3429A7F1274DB0F7946FA3F","284378C4510C9BAA5A713C50DF8D287507DF5E34F668458797C29E9557B6F8A1","public_candidate","20260728","no","source_and_sharing_notice_appended"
"A049","上衣+短裤","images/A049-上衣+短裤.png","prompts/A049-上衣+短裤.txt","6A93C736FC1535E1C1BD6EAA003C495FBDD855DDA9181B40BDAE00265DF594E8","6A93C736FC1535E1C1BD6EAA003C495FBDD855DDA9181B40BDAE00265DF594E8","A3A04116010C7DC2135C237D9EA766F6CB4BAE7CB52F1DFD5A5E6E6124FCD84D","54ECE090554F1B3BEC8AB762F77FAC34BB2FABE17204FCBCAAFB188BCA687C46","public_candidate","20260728","no","source_and_sharing_notice_appended"
"A137","时装穿搭","images/A137-时装穿搭.png","prompts/A137-时装穿搭.txt","FD6EAA08654EF019FA2B605D6C4D986051ECD53B3537C97AF84EB3530B616B21","FD6EAA08654EF019FA2B605D6C4D986051ECD53B3537C97AF84EB3530B616B21","467D00333CB916EB2E6C67DBFD4FB4D36DE528B1F7D4DB5ED6B1559234162C15","FD60C0BC925C329ABA0B8F4B6CB0E6F21B1A8F6043F237AA2EF77FA592718DF3","public_candidate","20260728","no","source_and_sharing_notice_appended"
"A085","衬衫+下装","images/A085-衬衫+下装.png","prompts/A085-衬衫+下装.txt","29F7F3B44C0CE78A56E33E7BCFA9D8411E3D7F5A43F7E556595712B1BBB4FFC9","29F7F3B44C0CE78A56E33E7BCFA9D8411E3D7F5A43F7E556595712B1BBB4FFC9","FC0CDE586F448F8E0181E6ADA70861546287C47F4E6207946F25C1AB394924B8","715435B0677E1005517A52255EE2B5648F8C141435F12C4859A637F3AFE9656F","public_candidate","20260728","no","source_and_sharing_notice_appended"
"A086","上衣+短裤","images/A086-上衣+短裤.png","prompts/A086-上衣+短裤.txt","7A6EA0F9DD49FF197782E900A89895091A89B3D6D0ABB78EED3713C72D6A1E05","7A6EA0F9DD49FF197782E900A89895091A89B3D6D0ABB78EED3713C72D6A1E05","1E913FD2F81D0F061E0E597713CCD11E5AFC562A388D0EA02BEE0515115483A0","A3A08DCE336A8F8483FA553334AD748694A00F7F6546238B78480EB6998F1D4A","public_candidate","20260728","no","source_and_sharing_notice_appended"
"A078","上衣+短裤","images/A078-上衣+短裤.png","prompts/A078-上衣+短裤.txt","E7970FC348FEB2EACE27266D19418AC2D67BAE04FCBEBAEFBA223CC7AB880BAD","E7970FC348FEB2EACE27266D19418AC2D67BAE04FCBEBAEFBA223CC7AB880BAD","C6AB0130D35DA4804F4B1A83E421B176D724E36989BD68D1E19CEC021F6455C5","73E397E70878530939D01F1E5E51DBB3569916B44AD63BD1AEE16E4A551CC205","public_candidate","20260728","no","source_and_sharing_notice_appended"
"A068","上衣+短裙","images/A068-上衣+短裙.png","prompts/A068-上衣+短裙.txt","713C3687445344A35C4F2A57DA2ED9D4A1B8F358E1264713B5C364ECA58C0AB6","713C3687445344A35C4F2A57DA2ED9D4A1B8F358E1264713B5C364ECA58C0AB6","4884B9455C2438E2877A9ABC1B823C21FCEB984983E8D8E3410E051C093EAFE8","67F14FB4B4949DE1AEE4B9EB0AAB575B8D4C11EDE0A04CF7A5862397AB5DEED3","public_candidate","20260728","no","source_and_sharing_notice_appended"
"A079","衬衫+下装","images/A079-衬衫+下装.png","prompts/A079-衬衫+下装.txt","70B5BEC073C63658C3AD0661AA1EB5FDF4C90848C7AE5D5BB96B6C94A9C2EBCB","70B5BEC073C63658C3AD0661AA1EB5FDF4C90848C7AE5D5BB96B6C94A9C2EBCB","4B009A5BA8CFADF86162D13D8EEEEE826FE59D6ACEF69B141ECA011AE855131A","41D51E16DBC6CFE7494CC6DAEDA28A9F7B27CC7CD878C6637226534F3218075B","public_candidate","20260728","no","source_and_sharing_notice_appended"
"A169","上衣+短裤","images/A169-上衣+短裤.png","prompts/A169-上衣+短裤.txt","33C414A7F0C98089C9F97237EE67390422DBF21F23A2ED21F451942CBD683E96","33C414A7F0C98089C9F97237EE67390422DBF21F23A2ED21F451942CBD683E96","50C56630A2A5E21669A1264DE49C65B5573D11F91641E5E8755A57F09FC818AF","6FDDDFEF7D6F7F5BB050C100E561227D54226DF1B0B194031F52869F986A1C2C","public_candidate","20260728","no","source_and_sharing_notice_appended"
"A123","衬衫+下装","images/A123-衬衫+下装.png","prompts/A123-衬衫+下装.txt","6DC803C6B125A743D30D65CD53D5A51F2DA30D057F03598D012E5EF5D5D65F58","6DC803C6B125A743D30D65CD53D5A51F2DA30D057F03598D012E5EF5D5D65F58","C8570F27F8BB2CCE7115C583AD90499060549C23E54EE424F43C2B2AC1DC9A39","09274CDE64F5A375F8FA14BF3EC9EA775B14AE9B9AD614A5733701C486CD00B5","public_candidate","20260728","no","source_and_sharing_notice_appended"
"A036","上衣+短裤","images/A036-上衣+短裤.png","prompts/A036-上衣+短裤.txt","EFDD34F6B293B1A8A0379294733D23F2B3EA97D8B8906724CAD7772140BE3ACB","EFDD34F6B293B1A8A0379294733D23F2B3EA97D8B8906724CAD7772140BE3ACB","675827D68EFCEE330A74963DEA36D285CE90FFC1CBE5ABC6B955ADC06DC51C0C","70FA2EC307A9B154C5F6055227B914233A71DB86A311D4108002907D583AF5AB","public_candidate","20260728","no","source_and_sharing_notice_appended"
"A161","上衣+长裤","images/A161-上衣+长裤.png","prompts/A161-上衣+长裤.txt","AD2B3A2818E1032C97A3AE32D35BC7AFFDD661977639452A9428664FD757A1A9","AD2B3A2818E1032C97A3AE32D35BC7AFFDD661977639452A9428664FD757A1A9","22FF7BFCF356248AD12BEBB832510AB6F17272AADDB555614E7B494F9BA1626A","31ECD50FD11034292CCE2DFF660C9F5BEC613B84364540B615D241F5B5671C7F","public_candidate","20260728","no","source_and_sharing_notice_appended"
"A020","连体短裤","images/A020-连体短裤.png","prompts/A020-连体短裤.txt","8617A7E9E50B46DE1C6074FA68FA352B52CF1539F8A08BFFEF416ECE97A7485C","8617A7E9E50B46DE1C6074FA68FA352B52CF1539F8A08BFFEF416ECE97A7485C","32C1324077DB2C4C349C1377567B1AC77175E15F701223A8738E8CEF4C7597F5","5A013EE842EB5D822BE0EB31785C2D183DC1A308E0C92E554A4BFA8D5BD830B9","public_candidate","20260728","no","source_and_sharing_notice_appended"
"A053","上衣+长裤","images/A053-上衣+长裤.png","prompts/A053-上衣+长裤.txt","6E0E6486CEC556EDFE098E5B71F1E8B96B05A8173BAFBA7BC194E275EF67A2B8","6E0E6486CEC556EDFE098E5B71F1E8B96B05A8173BAFBA7BC194E275EF67A2B8","40A5805C57E13CC734CAD8703E6B6D85C2CBEB4B598220E01B7C4EE59BA76D57","A004862FA7AD2C658806D3E9C2C1F77A95A57C503DAE35967DD1DFB93865548F","public_candidate","20260728","no","source_and_sharing_notice_appended"
"A042","上衣+短裤","images/A042-上衣+短裤.png","prompts/A042-上衣+短裤.txt","A9910BC85D135D66DE21145AE0FEE83B72B59BF841AD63B100C57D51FA947669","A9910BC85D135D66DE21145AE0FEE83B72B59BF841AD63B100C57D51FA947669","70DEE8197FE72793B0B4110A683C6DBFDB4F17DBBC158C2F730B97126542ED1C","1C9B8FDDDEE4C3382AFC3104E81EB62C7C8DEA723E6A74EBF01702027464EEC3","public_candidate","20260728","no","source_and_sharing_notice_appended"
"A030","上衣+长裤","images/A030-上衣+长裤.png","prompts/A030-上衣+长裤.txt","9DC457E45D15218DBFA652E913FF7E06889B69C27233A6B6D95B6549048F196E","9DC457E45D15218DBFA652E913FF7E06889B69C27233A6B6D95B6549048F196E","CC8F42A34125227910BBE92DF24DEB194687FB6CAC1E70B3FF07FE4C88767F2D","901097CB7D3B9231B1DAC95DADD5A12351B32575657A18ABA64DA2F0774AA6F5","public_candidate","20260728","no","source_and_sharing_notice_appended"
"A072","上衣+短裤","images/A072-上衣+短裤.png","prompts/A072-上衣+短裤.txt","F174AB70EF29BED65C9D4B74BCFB44E8A6EAD26F8D2A6C847DB252CDBD79E4E8","F174AB70EF29BED65C9D4B74BCFB44E8A6EAD26F8D2A6C847DB252CDBD79E4E8","48BFC712274EC2C30D300677DE93CE57886702F3224539EBEDC970588AD10EE4","808B0B2950B4C72B1ED718826190B3B1EAE09CEF56A6B6CAD80C82ACB5396EDB","public_candidate","20260728","no","source_and_sharing_notice_appended"
"A063","时装穿搭","images/A063-时装穿搭.png","prompts/A063-时装穿搭.txt","AF3278F491FF5C484C195C1D217745F2137321A84E4376EAC0D40C2356767C1B","AF3278F491FF5C484C195C1D217745F2137321A84E4376EAC0D40C2356767C1B","268E7A4DEA38367EBBBBB6EDD044B92CCE7767A31820893F2BD65EB0FF8CB706","1ABDCFE0171A483624BFCB0C98B773615B3BD532D2D7110166CA17924BA84A3E","public_candidate","20260728","no","source_and_sharing_notice_appended"
"A051","上衣+短裤","images/A051-上衣+短裤.png","prompts/A051-上衣+短裤.txt","ABF7B4AF7A1118591C17366DA45ABDBAB9C2FD86B0A2F2C5599B0EEF1E5AE007","ABF7B4AF7A1118591C17366DA45ABDBAB9C2FD86B0A2F2C5599B0EEF1E5AE007","FD0A2C3F816E5B270B29A846E56C88ADF958466ACD26450FC65A0AEAAD1B0197","77CE89C557062A4B709B8F0584CDAA7099969EC1D3FDE8CD66242C7ED5F505D1","public_candidate","20260728","no","source_and_sharing_notice_appended"
"A167","衬衫+短裤","images/A167-衬衫+短裤.png","prompts/A167-衬衫+短裤.txt","E60C06BDEAFAE68BAECEC2855464253870557EAB8D9EB6EE167C46E3DC271FD7","E60C06BDEAFAE68BAECEC2855464253870557EAB8D9EB6EE167C46E3DC271FD7","6BABD10848CC6F5C76DB4EBE23649BC72751B65A7D62CA95325F33B00E1F1A0E","776FA25B8782AA0C462078EC7B9CD5B6CA5057EFF2A33EEC12C8EF3B727300C4","public_candidate","20260728","no","source_and_sharing_notice_appended"
"A016","时装穿搭","images/A016-时装穿搭.png","prompts/A016-时装穿搭.txt","08BD1197AEAC0A15D90964694A12FE90C880FAAC4F60D831019673E80927AD95","08BD1197AEAC0A15D90964694A12FE90C880FAAC4F60D831019673E80927AD95","65389CD0112F2ED2B300F5AB3D972FFD0638D5313219BBA02D01B296312A0AB9","4094C7A2E6721C84A82DD545E68D4F83816D4EC68D23B265B868531F0D738543","public_candidate","20260728","no","source_and_sharing_notice_appended"
"A135","连体短裤","images/A135-连体短裤.png","prompts/A135-连体短裤.txt","06451364A7CA891B051E370BEC6108A2A87D7D4E984EC95EFC2C15C0753D7089","06451364A7CA891B051E370BEC6108A2A87D7D4E984EC95EFC2C15C0753D7089","F8C58BBCEFC7E0D98EDB45E0DDE9CF8B74B8F36869474BB50D615B76E8ADBCE0","7989AABE256DAFBD1617BDACB765FE2D0C58F52499CD070DDCE3950D81CBB353","public_candidate","20260728","no","source_and_sharing_notice_appended"
"A196","时装穿搭","images/A196-时装穿搭.png","prompts/A196-时装穿搭.txt","05B9D294FFEAFC11159A69DEF3806C885FA5D60DFE8CF7DC73DA4B75035276D4","05B9D294FFEAFC11159A69DEF3806C885FA5D60DFE8CF7DC73DA4B75035276D4","8C308C78C5CC53F1B591184E55CB94C09418137C268D68CE0ECAF4DF554FAFC7","4CA92FD8F2D535776660A0C91B8AFFBAFAFDB82A3BD5C6C51978D865D5DC0F0D","public_candidate","20260728","no","source_and_sharing_notice_appended"
"A163","上衣+长裤","images/A163-上衣+长裤.png","prompts/A163-上衣+长裤.txt","C544B3BE5FAA444534D1BC2504762F26AFAAAC3EA9B2A8CC911570C1562354E3","C544B3BE5FAA444534D1BC2504762F26AFAAAC3EA9B2A8CC911570C1562354E3","22C9DBAB98DEC60C8E8C5B163913522DE1C938E2F5D4C02E40AF881B0D2D50A7","3739BE4F3122483D63291A0BA15C3FC85EB4D7A4FB85B3E84DE5249D25BEF419","public_candidate","20260728","no","source_and_sharing_notice_appended"
"A087","上衣+长裤","images/A087-上衣+长裤.png","prompts/A087-上衣+长裤.txt","C2D74A6168A664D2828B7B8E64215E17F4461EC452C4BA5EC9216913699C7592","C2D74A6168A664D2828B7B8E64215E17F4461EC452C4BA5EC9216913699C7592","28782B6DE4C46A7CCAFF9F84F52FEB21D4B27246EE16466FF923800B61676955","8062F19C61D6B4D9628EA3D77C8B88DF5DD115944A7368E28AB13C60D064380C","public_candidate","20260728","no","source_and_sharing_notice_appended"
"A144","上衣+短裤","images/A144-上衣+短裤.png","prompts/A144-上衣+短裤.txt","A66A508FDB5C88E9E3F30C20AC812F7CE065D728CD33B25E40C85E611C80E13D","A66A508FDB5C88E9E3F30C20AC812F7CE065D728CD33B25E40C85E611C80E13D","E2BF035F8029DC6B127FFC4E8516D5FA6F23E055E9A7220948FA97B4D568D62E","412E9BDD7AAFCCFD2361D9DE79094C658D2D1F734D007398DBCDBF91177E5D10","public_candidate","20260728","no","source_and_sharing_notice_appended"
"A026","上衣+短裤","images/A026-上衣+短裤.png","prompts/A026-上衣+短裤.txt","EF9554A0C0F417300406A96804B38D45F79F1A9F1B188BAA1106D1A0E45D5147","EF9554A0C0F417300406A96804B38D45F79F1A9F1B188BAA1106D1A0E45D5147","C9C0D8EDD738F18006431EDF1F46803B820D8ECA455786F764ED08BBAB253DB1","F01748D37C0D1234C3A97998142A1813CDBD58BE9C27CCA294927EA7006E9F61","public_candidate","20260728","no","source_and_sharing_notice_appended"
"A015","上衣+短裙","images/A015-上衣+短裙.png","prompts/A015-上衣+短裙.txt","AC760145670B574F2032ACD5CD8FE28C5D6AE0C5510390C7309956FE08683A1A","AC760145670B574F2032ACD5CD8FE28C5D6AE0C5510390C7309956FE08683A1A","3A0B62B3AEB8BA96428D4277C6BD6A364B453A1B7AC04F58489641F607C9D509","D0281FA9AA6720B02085D54C3595934BFDDF86506EE82CEC95BBD8C17D22B6E4","public_candidate","20260728","no","source_and_sharing_notice_appended"
"A037","上衣+短裤","images/A037-上衣+短裤.png","prompts/A037-上衣+短裤.txt","B57222E46405780402A5E0FB4036F6AE743E7BC2D665DA22B6B9442E900DA3BA","B57222E46405780402A5E0FB4036F6AE743E7BC2D665DA22B6B9442E900DA3BA","975EFA57ADCE76DDD87F96F5767747D0CE047DF2D85D1F5946C0DC5E96E4DA2C","C611E637EB7D10171113DDE153DDF74AAF1C412F61261DBBA95C3AD286B3479C","public_candidate","20260728","no","source_and_sharing_notice_appended"
"A148","上衣+短裤","images/A148-上衣+短裤.png","prompts/A148-上衣+短裤.txt","24D599C016F51E1430ADA9E2B58A637CEFFA25B97BA33256072D91A30DFFB2D3","24D599C016F51E1430ADA9E2B58A637CEFFA25B97BA33256072D91A30DFFB2D3","B2B2524DBBD9B0E47650196D6319ABAE85F09E43D99D94D21AF0A4BC5C02F2F5","CCE340B4F7AD21D16491A1EBE4F9FDABE4C6839BA00F28508AACAC891DA8BC86","public_candidate","20260728","no","source_and_sharing_notice_appended"
"A201","时装穿搭","images/A201-时装穿搭.png","prompts/A201-时装穿搭.txt","034EFFC7EE402CC7923085A4CB8176800C1E3C1FE51E6FE0960A7BA0FF3C4E4B","034EFFC7EE402CC7923085A4CB8176800C1E3C1FE51E6FE0960A7BA0FF3C4E4B","36DF593D716ECAB83E52111A4A431083E7083E8426EF7817DFBDE6E30EB10831","1F3BD4DF8A027FFD12DA9D83A34F5F29531F1D6A12EC30E637E8787EB5F25AA7","public_candidate","20260728","no","source_and_sharing_notice_appended"
"A153","时装穿搭","images/A153-时装穿搭.png","prompts/A153-时装穿搭.txt","5DD1795A93F8F961C36A6DBF66772209D7448C5B0622812EAB48C1B2BDB8B9F2","5DD1795A93F8F961C36A6DBF66772209D7448C5B0622812EAB48C1B2BDB8B9F2","A643F71C5BEEEADB0CF73DEF67646C3EAA9FC25C8C1325D34AB154843D97E4BF","320407C8A6637EAAD1689B431CBC53F3B892171BEF60C1F0D906A81BD305FFB7","public_candidate","20260728","no","source_and_sharing_notice_appended"
"A024","上衣+短裤","images/A024-上衣+短裤.png","prompts/A024-上衣+短裤.txt","FBAC36492786D8C2DE6A066583B070879BC59FB6718A7D2807AC0B7FA21AF4B6","FBAC36492786D8C2DE6A066583B070879BC59FB6718A7D2807AC0B7FA21AF4B6","9CF9F9831951A71EC772EDC021CADD4A16A393CB95D3BBA9A5AD81782D114576","57FC8DD372059F2F44AF2AD4B66C8CA9749FE361C63C6CC6F967106BC28E3204","public_candidate","20260728","no","source_and_sharing_notice_appended"
"A191","上衣+短裤","images/A191-上衣+短裤.png","prompts/A191-上衣+短裤.txt","751249F536BA45EF827CF5D1A4D3035F49D242DB71DA16FC21EB24D14D2EC291","751249F536BA45EF827CF5D1A4D3035F49D242DB71DA16FC21EB24D14D2EC291","168F25B4A13B77C7845F054B1F28FA6CE9662638EA4CF20B1CA4BEDF60269D58","48F9E31888742227F0ACDDA25868E6E4367E1B0FAFEEC798B8095488DE615A94","public_candidate","20260728","no","source_and_sharing_notice_appended"
"A112","上衣+短裤","images/A112-上衣+短裤.png","prompts/A112-上衣+短裤.txt","855FB122F8C558B1EFD569501E2670B2737E829A15903D954DE72956BCDB3231","855FB122F8C558B1EFD569501E2670B2737E829A15903D954DE72956BCDB3231","A1CD14B543AE6617624348B999CD7388D067CC7B647659D7CF5F736B799DB71A","CE1DCF357053A4E6A8089164E36165A40A16EC69E5B84A735C0429916DB7F259","public_candidate","20260728","no","source_and_sharing_notice_appended"
"A165","时装穿搭","images/A165-时装穿搭.png","prompts/A165-时装穿搭.txt","E1991DCD009F31BF3E1930EA3F813EDA151776FCCAA8DFE7DC52D6CB1AA25F0D","E1991DCD009F31BF3E1930EA3F813EDA151776FCCAA8DFE7DC52D6CB1AA25F0D","C009519F2F4805FA2544E0A0D74DDB7A03A8001B295540D9CE249230D98D8383","C9B8715D23AF74D96351CDA9F3B09F20DCBE7DA37590AB14931238549826A43D","public_candidate","20260728","no","source_and_sharing_notice_appended"
"A133","上衣+短裤","images/A133-上衣+短裤.png","prompts/A133-上衣+短裤.txt","2FCA92E0E7C849DBD524106C71F75D9DF41384B28576909A6C2D03176D7890C7","2FCA92E0E7C849DBD524106C71F75D9DF41384B28576909A6C2D03176D7890C7","84B72C6C890F0D2AFF6346E07748D9A3C9199C082B1129FCF1B1D7F095413602","AE2F53068B77F1C507D59326C267034E312C0CE7BC90C8471259D80025FD1A89","public_candidate","20260728","no","source_and_sharing_notice_appended"
"A011","上衣+短裤","images/A011-上衣+短裤.png","prompts/A011-上衣+短裤.txt","EB0EBB526C5AAFEC6A354F34D8769D958A32A6175476103FFA697CC115DC7569","EB0EBB526C5AAFEC6A354F34D8769D958A32A6175476103FFA697CC115DC7569","0CC349CF9EF936EF1A7645AFE7392912B1CC97CAAEE1ADCD11B5601B418DDFCF","4F3E73A476628B40A2865F4ADDD7450834A36DB416D9A5797132CE464B56EA97","public_candidate","20260728","no","source_and_sharing_notice_appended"
"A004","上衣+长裤","images/A004-上衣+长裤.png","prompts/A004-上衣+长裤.txt","83A5ADE07A8D05E5668EAF2B04910598445ED5F687897FB9229DE5AC2C0D2BF8","83A5ADE07A8D05E5668EAF2B04910598445ED5F687897FB9229DE5AC2C0D2BF8","95791F519001D4AC4DF551D9FA93E24FE2C771867A3FE095F4E71E3E48A149F9","48F60827ACCEBA296CB8B279DC2BF143EC014E3F0D78C21511CEC56F877D28BB","public_candidate","20260728","no","source_and_sharing_notice_appended"
"A151","衬衫+短裤","images/A151-衬衫+短裤.png","prompts/A151-衬衫+短裤.txt","E1495EBA3F9572E8E7A25B1E850D049B203C95A63C108108590C090B593AABB8","E1495EBA3F9572E8E7A25B1E850D049B203C95A63C108108590C090B593AABB8","1545387B90175E4ECD3C0295A1F26401CEF6696D9CB148199556C498FE9B1C13","9FAA8BA2C491B1403BB0C0FBBF35BE4AD13E7C220794982C541BE217F43F424D","public_candidate","20260728","no","source_and_sharing_notice_appended"
"A029","上衣+短裤","images/A029-上衣+短裤.png","prompts/A029-上衣+短裤.txt","8C03BFE1EF6FEBABF3E7078A7CF2A51ECAFF49158778831139BF7836DC035C9E","8C03BFE1EF6FEBABF3E7078A7CF2A51ECAFF49158778831139BF7836DC035C9E","C41CEC76FB6CA4410656378E8725B13FDC1534F6F7AF80616680366AC44334B1","6F97DB10E57902F3CEEFF7EAF0FA0E02DEB91796499914C4FEEBA3F016AC1ADA","public_candidate","20260728","no","source_and_sharing_notice_appended"
"A145","衬衫+短裤","images/A145-衬衫+短裤.png","prompts/A145-衬衫+短裤.txt","49513E4CB9064FF94BB4ED084454DB92F305AFBAE10F501296DB21301175A850","49513E4CB9064FF94BB4ED084454DB92F305AFBAE10F501296DB21301175A850","45A88DB52AAB836F05DAD97F5BE6E1BD702F6F1CF36CD5BCB516E0F9CB8EFEBB","A97D5D37E0BB76766EACD02B5D7C9A3516DBEB9935B42627C12362CBA998952C","public_candidate","20260728","no","source_and_sharing_notice_appended"
"A160","时装穿搭","images/A160-时装穿搭.png","prompts/A160-时装穿搭.txt","902F223D9BC0FF350CDF7ED7EFDEB4BEB3C6826768E61519DD1A4A26052D1F2A","902F223D9BC0FF350CDF7ED7EFDEB4BEB3C6826768E61519DD1A4A26052D1F2A","EA2D6A61297D6ACA9C07F38820B6D1F65565DF849A33D3D3C201DF34BBAF6DF7","581A35D2EA08DD0E8B5C99ABE7272D39E0577B78E392E5A7BDEDDB3D4A849512","public_candidate","20260728","no","source_and_sharing_notice_appended"
"A096","上衣+长裙","images/A096-上衣+长裙.png","prompts/A096-上衣+长裙.txt","CCD0B0EA9B1A7ACB3112ABB57E6E1EDC3009B32D83396763986E1C0457DB92EC","CCD0B0EA9B1A7ACB3112ABB57E6E1EDC3009B32D83396763986E1C0457DB92EC","08AF7C587D30E991C4DBAEDF6B804AD03E09D9D143DFB8B5F15CAC679CC9A7ED","A07E4871C65C288AB409CD9586D2723D52F064770E3FB0D39122CD49968555D8","public_candidate","20260728","no","source_and_sharing_notice_appended"
"A185","上衣+长裤","images/A185-上衣+长裤.png","prompts/A185-上衣+长裤.txt","B94B8095CCBA8D3C8629FF03486CEF23DDBE09536F7EF15BE353850458AABC1D","B94B8095CCBA8D3C8629FF03486CEF23DDBE09536F7EF15BE353850458AABC1D","0F471C062E222780AF5F6EC31856D8DA804FF507328C2C2B119B1E07BDCEBF36","6B95E602BFA77FAA6EF90A3B0AF4B75DCEEB06F8476DD886B5F43E15931AA9D1","public_candidate","20260728","no","source_and_sharing_notice_appended"
"A098","上衣+短裤","images/A098-上衣+短裤.png","prompts/A098-上衣+短裤.txt","ABBF187D95C69B5F3F00FEB9155A83A753EE2E44513E57C33E90A6009DEC0F30","ABBF187D95C69B5F3F00FEB9155A83A753EE2E44513E57C33E90A6009DEC0F30","9B9A3FB9B92DB1D5D2FCF0B1A0A3D188D2EAAF77C0C4F99575CDABDD7C8501C7","0B7BEAA4DBCE96FD0B5BDF5FBDBB70D9961C99A54A0D718877B3C939AF0BF0F6","public_candidate","20260728","no","source_and_sharing_notice_appended"
"A104","时装穿搭","images/A104-时装穿搭.png","prompts/A104-时装穿搭.txt","90BCDD5A55BE48E8EFD5D7B38C845B7CD135186D3F726EA8E637DDF817A4C081","90BCDD5A55BE48E8EFD5D7B38C845B7CD135186D3F726EA8E637DDF817A4C081","A3871F303D133DE9E38323870BC1CEA3E73D52DFFDDE5422E7C330EC3C838D8B","D19C30FA6871AD98E298679ADA9C92EF9C5CD2D1A9A823C05E0BDCE8E1D785B1","public_candidate","20260728","no","source_and_sharing_notice_appended"
"A107","衬衫+短裤","images/A107-衬衫+短裤.png","prompts/A107-衬衫+短裤.txt","96FEF99ED9E5F295614164B3B20B3C6D29C71A371E5D61EC752FED90A0D3E28E","96FEF99ED9E5F295614164B3B20B3C6D29C71A371E5D61EC752FED90A0D3E28E","341D326DF272EAB2018AD82AE22E77133874537622D5ABDBEA8101857D186441","CF74F0278B3B3645B97ABAD00CE5DFAE3EF7F9A1B8E1987B0A53E1AED75B7394","public_candidate","20260728","no","source_and_sharing_notice_appended"
"A045","上衣+长裤","images/A045-上衣+长裤.png","prompts/A045-上衣+长裤.txt","5BB58268C0C8E5394185F839F51BE4A4F9E2E8A8CB5871600DD6D5FE44BCBDB1","5BB58268C0C8E5394185F839F51BE4A4F9E2E8A8CB5871600DD6D5FE44BCBDB1","069341191B53D1DEEC24F71FA51AB08F6549FA6EE75F61C81CA57D28697B2631","F825E8908E2DB91A39FDCEF3BA140E89AC21BC052F567D123538C57D3358BF62","public_candidate","20260728","no","source_and_sharing_notice_appended"
"A061","上衣+短裤","images/A061-上衣+短裤.png","prompts/A061-上衣+短裤.txt","250189E13BD78363D7129EBD76A2DB436625E136F809EBC82FAEF98823B82953","250189E13BD78363D7129EBD76A2DB436625E136F809EBC82FAEF98823B82953","5E7BDDABE6FB5E1A32AC294E8111839B3DBA2E55C0652D8A983F8CB4229088AD","CB7B9ED3E39D1B3B24F12DE47B2916DD37400D7979E5C90A8A30B2BDE4BC177C","public_candidate","20260728","no","source_and_sharing_notice_appended"
"A132","连体短裤","images/A132-连体短裤.png","prompts/A132-连体短裤.txt","EAFAF3C3ABD08F7F1E0B409514AF0E8D9F7F94FC45C08A4329E1F55045FFED16","EAFAF3C3ABD08F7F1E0B409514AF0E8D9F7F94FC45C08A4329E1F55045FFED16","5A86E6800448F4C6F299D315870C3717156C2441C0434DE2CD80D7B6D4805FBE","3DA50733A6CF764FEBDEF8227E09FBF37779EF2F04A415392E7B12048184810D","public_candidate","20260728","no","source_and_sharing_notice_appended"
"A065","时装穿搭","images/A065-时装穿搭.png","prompts/A065-时装穿搭.txt","BE88167270084A4BE88B8ED3055D4E5DF74856713546F1CE5FD3C094365108C3","BE88167270084A4BE88B8ED3055D4E5DF74856713546F1CE5FD3C094365108C3","1C8BAF79E87BEA9DD7FEEFE12B8CEF94850DCB3029D2991D10BAF067F758CC15","53298AD94D6EBD6E8EDD6281FE965B802AEE4AA0045ADE39FD181FF7418A3377","public_candidate","20260728","no","source_and_sharing_notice_appended"
"A012","上衣+长裤","images/A012-上衣+长裤.png","prompts/A012-上衣+长裤.txt","C3E4CD45BB14EC1BCF678EDC0031581A918AA41DBB9C5C5F7AFDE7D64BBC8C55","C3E4CD45BB14EC1BCF678EDC0031581A918AA41DBB9C5C5F7AFDE7D64BBC8C55","34968AF1707EFC348A9B8895C8003BD74A76E2B3D03A1A0C13156BCBA000D96B","C73C30758947B99A0EEA58786F6760C3F2553A831AE933ADD06DA879D6C0D757","public_candidate","20260728","no","source_and_sharing_notice_appended"
"A178","上衣+短裤","images/A178-上衣+短裤.png","prompts/A178-上衣+短裤.txt","D5CA6A82700A391FD92BE325D94E4B3E7B4BB10DA61C47A82A63D221A902EEF0","D5CA6A82700A391FD92BE325D94E4B3E7B4BB10DA61C47A82A63D221A902EEF0","AE3FEE82AD97286B772C0EA488A35B00C47B77A83ECE8690EC208A5F09841DD7","944972F5EF7CB01481AA93356D412D4B65E7F27E8D4D44B0F559BF334971BE5D","public_candidate","20260728","no","source_and_sharing_notice_appended"
"A155","时装穿搭","images/A155-时装穿搭.png","prompts/A155-时装穿搭.txt","8FC75132125D94B7B18A823E80619817F206ECD526589FF95494C1AA0E4224D5","8FC75132125D94B7B18A823E80619817F206ECD526589FF95494C1AA0E4224D5","0F7A2D5FF5629D032469A65DB0691929FDDB273D3D109B2B76B21FE4164E6C12","98631E510AB1BA46854E187BA5A0B470A677B452726C6FF28063079EBABC8D44","public_candidate","20260728","no","source_and_sharing_notice_appended"
"A006","衬衫+下装","images/A006-衬衫+下装.png","prompts/A006-衬衫+下装.txt","B1CE8E6A92773DCF3F0A66DB95AB3766F850B67C47BBBE7917CD91ECC1C42573","B1CE8E6A92773DCF3F0A66DB95AB3766F850B67C47BBBE7917CD91ECC1C42573","DF29A486A6C72118BC0CBDB76DEA31B6B0A7C823E8A5279BA7E8EECBD8FE281F","9040BC0E7BAF580B1D3183582100D4A7D74804BDBF7E75826C4074A37BFCCC32","public_candidate","20260728","no","source_and_sharing_notice_appended"
"A035","上衣+短裤","images/A035-上衣+短裤.png","prompts/A035-上衣+短裤.txt","A15DF2140768E0B800832A69E02DBE422E3C1F6CC6D2D5B7C9A9E7BB3350CCD0","A15DF2140768E0B800832A69E02DBE422E3C1F6CC6D2D5B7C9A9E7BB3350CCD0","52B92D63C268FADFEC02BF15B4D88ECC06C85A6F40C4E087EB940041A3F01547","BABC313AAF85C995D9C47299B3A2D75BD4B0A98BF1DD399BA6DA50F76749B2DD","public_candidate","20260728","no","source_and_sharing_notice_appended"
